corp_label,corp_code,rcept_dt,report_nm,rcept_no,flr_nm
ABL생명보험,00148391,20000705,감사보고서 (2000.03),20000705000005,한영회계법인
ABL생명보험,00148391,20010626,감사보고서 (2001.03),20010625000143,삼정회계법인
ABL생명보험,00148391,20020704,감사보고서 (2002.03),20020704000204,삼정회계법인
ABL생명보험,00148391,20030630,감사보고서 (2003.03),20030630000018,삼정회계법인
ABL생명보험,00148391,20040709,감사보고서 (2004.03),20040709000123,삼정회계법인
ABL생명보험,00148391,20050707,감사보고서 (2005.03),20050707000023,삼정회계법인
ABL생명보험,00148391,20060703,감사보고서 (2006.03),20060703000152,삼정회계법인
ABL생명보험,00148391,20070709,감사보고서 (2007.03),20070709000348,삼정회계법인
ABL생명보험,00148391,20080704,감사보고서 (2008.03),20080704000282,삼정회계법인
ABL생명보험,00148391,20090707,감사보고서 (2009.03),20090707000352,삼정회계법인
ABL생명보험,00148391,20100702,감사보고서 (2010.03),20100702000015,삼정회계법인
ABL생명보험,00148391,20110712,감사보고서 (2011.03),20110712000150,삼정회계법인
ABL생명보험,00148391,20120706,감사보고서 (2012.03),20120706000047,삼정회계법인
ABL생명보험,00148391,20130627,감사보고서 (2013.03),20130626000349,삼정회계법인
ABL생명보험,00148391,20140331,감사보고서 (2013.12),20140331000503,삼정회계법인
ABL생명보험,00148391,20150327,감사보고서 (2014.12),20150327000087,삼정회계법인
ABL생명보험,00148391,20160331,감사보고서 (2015.12),20160331000343,삼정회계법인
ABL생명보험,00148391,20170407,연결감사보고서 (2016.12),20170407001276,삼정회계법인
ABL생명보험,00148391,20170407,감사보고서 (2016.12),20170407001275,삼정회계법인
ABL생명보험,00148391,20180406,연결감사보고서 (2017.12),20180406001966,삼정회계법인
ABL생명보험,00148391,20180406,감사보고서 (2017.12),20180406001964,삼정회계법인
ABL생명보험,00148391,20190404,연결감사보고서 (2018.12),20190404002357,삼정회계법인
ABL생명보험,00148391,20190404,감사보고서 (2018.12),20190404002354,삼정회계법인
ABL생명보험,00148391,20190426,[기재정정]감사보고서 (2018.12),20190426000798,삼정회계법인
ABL생명보험,00148391,20200401,연결감사보고서 (2019.12),20200401001607,삼정회계법인
ABL생명보험,00148391,20200401,감사보고서 (2019.12),20200401001604,삼정회계법인
ABL생명보험,00148391,20210402,연결감사보고서 (2020.12),20210402001331,삼정회계법인
ABL생명보험,00148391,20210402,감사보고서 (2020.12),20210402001329,삼정회계법인
ABL생명보험,00148391,20220401,연결감사보고서 (2021.12),20220401002431,삼정회계법인
ABL생명보험,00148391,20220401,감사보고서 (2021.12),20220401002427,삼정회계법인
ABL생명보험,00148391,20230330,사업보고서 (2022.12),20230330000886,에이비엘생명보험
ABL생명보험,00148391,20230814,[기재정정]사업보고서 (2022.12),20230814002562,에이비엘생명보험
ABL생명보험,00148391,20240329,사업보고서 (2023.12),20240329001518,에이비엘생명보험
ABL생명보험,00148391,20240430,[기재정정]사업보고서 (2023.12),20240430000559,에이비엘생명보험
ABL생명보험,00148391,20250331,사업보고서 (2024.12),20250331001358,에이비엘생명보험
ABL생명보험,00148391,20250514,[기재정정]사업보고서 (2024.12),20250514001000,에이비엘생명보험
ABL생명보험,00148391,20260331,사업보고서 (2025.12),20260331003080,에이비엘생명보험
ABL생명보험,00148391,20260406,[첨부정정]사업보고서 (2025.12),20260406003191,에이비엘생명보험
KB금융,00688996,20090309,감사보고서제출(자회사의 주요경영사항),20090309800649,KB금융
KB금융,00688996,20090310,감사보고서제출,20090310800633,KB금융
KB금융,00688996,20090331,사업보고서 (2008.12),20090331002885,KB금융
KB금융,00688996,20090331,연결감사보고서 (2008.12),20090331002221,삼일회계법인
KB금융,00688996,20090409,감사보고서 (2008.12),20090409000568,삼일회계법인
KB금융,00688996,20090616,해외증권거래소등에신고한사업보고서등의국내신고,20090616800339,KB금융
KB금융,00688996,20100312,감사보고서제출,20100312800793,KB금융
KB금융,00688996,20100312,감사보고서제출(자회사의 주요경영사항),20100312800685,KB금융
KB금융,00688996,20100331,사업보고서 (2009.12),20100331002440,KB금융
KB금융,00688996,20100624,해외증권거래소등에신고한사업보고서등의국내신고,20100624800236,KB금융
KB금융,00688996,20110316,감사보고서제출(자회사의 주요경영사항),20110316800470,KB금융
KB금융,00688996,20110317,감사보고서제출,20110317800535,KB금융
KB금융,00688996,20110324,지주회사의연결재무제표에대한감사보고서,20110324800330,KB금융
KB금융,00688996,20110331,사업보고서 (2010.12),20110331002162,KB금융
KB금융,00688996,20110621,해외증권거래소등에신고한사업보고서등의국내신고,20110621800264,KB금융
KB금융,00688996,20120313,감사보고서제출(자회사의 주요경영사항),20120313800382,KB금융
KB금융,00688996,20120314,감사보고서제출(자회사의 주요경영사항),20120314800577,KB금융
KB금융,00688996,20120315,감사보고서제출,20120315800742,KB금융
KB금융,00688996,20120330,사업보고서 (2011.12),20120330002209,KB금융
KB금융,00688996,20120402,[기재정정]사업보고서 (2011.12),20120402001951,KB금융
KB금융,00688996,20120502,해외증권거래소등에신고한사업보고서등의국내신고,20120502800349,KB금융
KB금융,00688996,20120622,[기재정정]사업보고서 (2011.12),20120622000244,KB금융
KB금융,00688996,20130312,감사보고서제출(자회사의 주요경영사항),20130312800277,KB금융
KB금융,00688996,20130313,감사보고서제출(자회사의 주요경영사항),20130313800354,KB금융
KB금융,00688996,20130314,감사보고서제출,20130314800582,KB금융
KB금융,00688996,20130329,사업보고서 (2012.12),20130329001808,KB금융
KB금융,00688996,20130502,해외증권거래소등에신고한사업보고서등의국내신고,20130502800343,KB금융
KB금융,00688996,20130513,[첨부정정]감사보고서제출(자회사의 주요경영사항),20130513800214,KB금융
KB금융,00688996,20140312,감사보고서제출(자회사의 주요경영사항),20140312800762,KB금융
KB금융,00688996,20140313,감사보고서제출,20140313800940,KB금융
KB금융,00688996,20140313,감사보고서제출(자회사의 주요경영사항),20140313800878,KB금융
KB금융,00688996,20140331,사업보고서 (2013.12),20140331002917,KB금융
KB금융,00688996,20140430,해외증권거래소등에신고한사업보고서등의국내신고,20140430800587,KB금융
KB금융,00688996,20150312,감사보고서제출,20150312801826,KB금융
KB금융,00688996,20150312,감사보고서제출(자회사의 주요경영사항),20150312801104,KB금융
KB금융,00688996,20150312,감사보고서제출(자회사의 주요경영사항),20150312801082,KB금융
KB금융,00688996,20150331,사업보고서 (2014.12),20150331004360,KB금융
KB금융,00688996,20150430,해외증권거래소등에신고한사업보고서등의국내신고,20150430800641,KB금융
KB금융,00688996,20150522,[기재정정]사업보고서 (2014.12),20150522000391,KB금융
KB금융,00688996,20160310,감사보고서제출(자회사의 주요경영사항),20160310801532,KB금융
KB금융,00688996,20160310,감사보고서제출(자회사의 주요경영사항),20160310801489,KB금융
KB금융,00688996,20160310,감사보고서제출,20160310801403,KB금융
KB금융,00688996,20160330,사업보고서 (2015.12),20160330004428,KB금융
KB금융,00688996,20160401,[첨부정정]사업보고서 (2015.12),20160401000506,KB금융
KB금융,00688996,20160429,해외증권거래소등에신고한사업보고서등의국내신고,20160429800355,KB금융
KB금융,00688996,20170309,감사보고서제출(자회사의 주요경영사항),20170309801180,KB금융
KB금융,00688996,20170314,감사보고서제출(자회사의 주요경영사항),20170314800896,KB금융
KB금융,00688996,20170314,감사보고서제출,20170314800678,KB금융
KB금융,00688996,20170331,사업보고서 (2016.12),20170331004054,KB금융
KB금융,00688996,20170425,해외증권거래소등에신고한사업보고서등의국내신고,20170425800269,KB금융
KB금융,00688996,20180312,감사보고서제출,20180312801073,KB금융
KB금융,00688996,20180312,감사보고서제출(자회사의 주요경영사항),20180312800961,KB금융
KB금융,00688996,20180312,감사보고서제출(자회사의 주요경영사항),20180312800898,KB금융
KB금융,00688996,20180321,[첨부정정]감사보고서제출,20180321800885,KB금융
KB금융,00688996,20180402,사업보고서 (2017.12),20180402003815,KB금융
KB금융,00688996,20180430,해외증권거래소등에신고한사업보고서등의국내신고,20180430800876,KB금융
KB금융,00688996,20181023,[기재정정]사업보고서 (2017.12),20181023000287,KB금융
KB금융,00688996,20190312,감사보고서제출(자회사의 주요경영사항),20190312800904,KB금융
KB금융,00688996,20190312,감사보고서제출(자회사의 주요경영사항),20190312800893,KB금융
KB금융,00688996,20190312,감사보고서제출,20190312800882,KB금융
KB금융,00688996,20190401,사업보고서 (2018.12),20190401004641,KB금융
KB금융,00688996,20190502,해외증권거래소등에신고한사업보고서등의국내신고,20190502800200,KB금융
KB금융,00688996,20200305,감사보고서제출,20200305801055,KB금융
KB금융,00688996,20200305,감사보고서제출(자회사의 주요경영사항),20200305801025,KB금융
KB금융,00688996,20200305,감사보고서제출(자회사의 주요경영사항),20200305800957,KB금융
KB금융,00688996,20200330,사업보고서 (2019.12),20200330004081,KB금융
KB금융,00688996,20200427,해외증권거래소등에신고한사업보고서등의국내신고,20200427800673,KB금융
KB금융,00688996,20210309,감사보고서제출,20210309800886,KB금융
KB금융,00688996,20210309,감사보고서제출(자회사의 주요경영사항),20210309800853,KB금융
KB금융,00688996,20210309,감사보고서제출(자회사의 주요경영사항),20210309800871,KB금융
KB금융,00688996,20210318,사업보고서 (2020.12),20210318000982,KB금융
KB금융,00688996,20210427,[기재정정]사업보고서 (2020.12),20210427000533,KB금융
KB금융,00688996,20210427,[기재정정]사업보고서 (2019.12),20210427000468,KB금융
KB금융,00688996,20210427,[기재정정]사업보고서 (2018.12),20210427000426,KB금융
KB금융,00688996,20210427,[기재정정]사업보고서 (2017.12),20210427000354,KB금융
KB금융,00688996,20210428,해외증권거래소등에신고한사업보고서등의국내신고,20210428800465,KB금융
KB금융,00688996,20220308,감사보고서제출(자회사의 주요경영사항),20220308801343,KB금융
KB금융,00688996,20220311,감사보고서제출(자회사의 주요경영사항),20220311801475,KB금융
KB금융,00688996,20220317,[첨부정정]감사보고서제출(자회사의 주요경영사항),20220317801681,KB금융
KB금융,00688996,20220317,사업보고서 (2021.12),20220317001083,KB금융
KB금융,00688996,20220317,감사보고서제출,20220317801167,KB금융
KB금융,00688996,20220325,[기재정정]사업보고서 (2021.12),20220325001281,KB금융
KB금융,00688996,20220428,해외증권거래소등에신고한사업보고서등의국내신고,20220428800501,KB금융
KB금융,00688996,20230307,감사보고서제출(자회사의 주요경영사항),20230307800997,KB금융
KB금융,00688996,20230307,감사보고서제출(자회사의 주요경영사항),20230307800987,KB금융
KB금융,00688996,20230307,감사보고서제출,20230307800979,KB금융
KB금융,00688996,20230316,사업보고서 (2022.12),20230316001417,KB금융
KB금융,00688996,20230324,[기재정정]사업보고서 (2022.12),20230324001073,KB금융
KB금융,00688996,20230427,해외증권거래소등에신고한사업보고서등의국내신고,20230427800664,KB금융
KB금융,00688996,20231005,[기재정정]사업보고서 (2022.12),20231005000471,KB금융
KB금융,00688996,20240306,감사보고서제출(자회사의 주요경영사항)              ,20240306801061,KB금융
KB금융,00688996,20240306,감사보고서제출(자회사의 주요경영사항)              ,20240306801011,KB금융
KB금융,00688996,20240306,감사보고서제출              ,20240306800968,KB금융
KB금융,00688996,20240314,사업보고서 (2023.12),20240314001585,KB금융
KB금융,00688996,20240326,[기재정정]사업보고서 (2023.12),20240326000894,KB금융
KB금융,00688996,20240429,[첨부정정]해외증권거래소등에신고한사업보고서등의국내신고              ,20240429800705,KB금융
KB금융,00688996,20240429,해외증권거래소등에신고한사업보고서등의국내신고              ,20240429800694,KB금융
KB금융,00688996,20250305,감사보고서제출              ,20250305801235,KB금융
KB금융,00688996,20250305,감사보고서제출(자회사의 주요경영사항)              ,20250305801169,KB금융
KB금융,00688996,20250305,감사보고서제출(자회사의 주요경영사항)              ,20250305801017,KB금융
KB금융,00688996,20250314,사업보고서 (2024.12),20250314001704,KB금융
KB금융,00688996,20250428,해외증권거래소등에신고한사업보고서등의국내신고              ,20250428800762,KB금융
KB금융,00688996,20250526,[기재정정]사업보고서 (2024.12),20250526000370,KB금융
KB금융,00688996,20260306,감사보고서제출(자회사의 주요경영사항)              ,20260306801328,KB금융
KB금융,00688996,20260306,감사보고서제출              ,20260306801143,KB금융
KB금융,00688996,20260306,감사보고서제출(자회사의 주요경영사항)              ,20260306801136,KB금융
KB금융,00688996,20260313,사업보고서 (2025.12),20260313001191,KB금융
KB금융,00688996,20260324,[기재정정]사업보고서 (2025.12),20260324000835,KB금융
KB금융,00688996,20260324,[기재정정]사업보고서 (2024.12),20260324000822,KB금융
KB금융,00688996,20260429,해외증권거래소등에신고한사업보고서등의국내신고              ,20260429801135,KB금융
KB금융,00688996,20260619,[기재정정]사업보고서 (2025.12),20260619000667,KB금융
KB라이프생명보험,00160393,20010710,감사보고서 (2001.03),20010710000193,삼일회계법인
KB라이프생명보험,00160393,20020617,감사보고서 (2002.03),20020617000009,삼일회계법인
KB라이프생명보험,00160393,20030625,감사보고서 (2003.03),20030625000084,삼일회계법인
KB라이프생명보험,00160393,20040712,감사보고서 (2004.03),20040712000012,삼일회계법인
KB라이프생명보험,00160393,20050624,감사보고서 (2005.03),20050623000270,삼일회계법인
KB라이프생명보험,00160393,20060621,감사보고서 (2006.03),20060621000141,삼일회계법인
KB라이프생명보험,00160393,20070629,감사보고서 (2007.03),20070629000268,삼일회계법인
KB라이프생명보험,00160393,20080620,감사보고서 (2008.03),20080620000152,삼일회계법인
KB라이프생명보험,00160393,20090701,감사보고서 (2009.03),20090701000336,삼일회계법인
KB라이프생명보험,00160393,20100625,감사보고서 (2010.03),20100625000059,삼일회계법인
KB라이프생명보험,00160393,20110630,감사보고서 (2011.03),20110630000291,삼일회계법인
KB라이프생명보험,00160393,20120703,감사보고서 (2012.03),20120703000210,삼일회계법인
KB라이프생명보험,00160393,20130702,감사보고서 (2013.03),20130702000160,삼일회계법인
KB라이프생명보험,00160393,20140410,감사보고서 (2013.12),20140410000781,삼일회계법인
KB라이프생명보험,00160393,20150410,감사보고서 (2014.12),20150410000004,삼일회계법인
KB라이프생명보험,00160393,20160406,감사보고서 (2015.12),20160406001290,삼일회계법인
KB라이프생명보험,00160393,20170406,감사보고서 (2016.12),20170406002122,삼일회계법인
KB라이프생명보험,00160393,20180410,감사보고서 (2017.12),20180410001098,삼일회계법인
KB라이프생명보험,00160393,20190409,감사보고서 (2018.12),20190409001500,삼일회계법인
KB라이프생명보험,00160393,20200406,감사보고서 (2019.12),20200406003018,삼일회계법인
KB라이프생명보험,00160393,20210405,감사보고서 (2020.12),20210405003127,삼일회계법인
KB라이프생명보험,00160393,20220405,감사보고서 (2021.12),20220405000793,삼정회계법인
KB라이프생명보험,00160393,20230316,사업보고서 (2022.12),20230316000539,케이비라이프생명보험
KB라이프생명보험,00160393,20230323,연결감사보고서 (2022.12),20230323000636,삼정회계법인
KB라이프생명보험,00160393,20230323,감사보고서 (2022.12),20230323000635,삼정회계법인
KB라이프생명보험,00160393,20240314,사업보고서 (2023.12),20240314000804,케이비라이프생명보험
KB라이프생명보험,00160393,20240429,[기재정정]사업보고서 (2023.12),20240429000408,케이비라이프생명보험
KB라이프생명보험,00160393,20250314,사업보고서 (2024.12),20250314000905,케이비라이프생명보험
KB라이프생명보험,00160393,20250331,[기재정정]사업보고서 (2024.12),20250331002307,케이비라이프생명보험
KB라이프생명보험,00160393,20250428,[기재정정]사업보고서 (2024.12),20250428000500,케이비라이프생명보험
KB라이프생명보험,00160393,20260313,사업보고서 (2025.12),20260313001119,케이비라이프생명보험
KB라이프생명보험,00160393,20260331,[기재정정]사업보고서 (2025.12),20260331003664,케이비라이프생명보험
KB생명보험,00542065,20060707,감사보고서 (2006.03),20060707000251,삼일회계법인
KB생명보험,00542065,20070709,감사보고서 (2007.03),20070709000150,삼일회계법인
KB생명보험,00542065,20080623,감사보고서 (2008.03),20080623000118,안진회계법인
KB생명보험,00542065,20090629,감사보고서 (2009.03),20090629000191,안진회계법인
KB생명보험,00542065,20100709,감사보고서 (2010.03),20100709000358,삼일회계법인
KB생명보험,00542065,20110706,감사보고서 (2011.03),20110706000139,삼일회계법인
KB생명보험,00542065,20120629,연결감사보고서 (2012.03),20120629000321,삼일회계법인
KB생명보험,00542065,20120629,감사보고서 (2012.03),20120629000320,삼일회계법인
KB생명보험,00542065,20130702,연결감사보고서 (2013.03),20130702000222,삼일회계법인
KB생명보험,00542065,20130702,감사보고서 (2013.03),20130702000221,삼일회계법인
KB생명보험,00542065,20140409,연결감사보고서 (2013.12),20140409001186,삼일회계법인
KB생명보험,00542065,20140409,감사보고서 (2013.12),20140409001185,삼일회계법인
KB생명보험,00542065,20150408,연결감사보고서 (2014.12),20150408000120,삼일회계법인
KB생명보험,00542065,20150408,감사보고서 (2014.12),20150408000117,삼일회계법인
KB생명보험,00542065,20160330,연결감사보고서 (2015.12),20160330000865,삼일회계법인
KB생명보험,00542065,20160330,감사보고서 (2015.12),20160330000839,삼일회계법인
KB생명보험,00542065,20170403,연결감사보고서 (2016.12),20170403002981,삼일회계법인
KB생명보험,00542065,20170403,감사보고서 (2016.12),20170403002979,삼일회계법인
KB생명보험,00542065,20180404,연결감사보고서 (2017.12),20180404001617,삼일회계법인
KB생명보험,00542065,20180404,감사보고서 (2017.12),20180404001616,삼일회계법인
KB생명보험,00542065,20190405,연결감사보고서 (2018.12),20190405000558,삼일회계법인
KB생명보험,00542065,20190405,감사보고서 (2018.12),20190405000556,삼일회계법인
KB생명보험,00542065,20200401,감사보고서 (2019.12),20200401001980,삼일회계법인
KB생명보험,00542065,20210326,감사보고서 (2020.12),20210326000544,삼정회계법인
KB생명보험,00542065,20220317,사업보고서 (2021.12),20220317000445,케이비생명보험
KB생명보험,00542065,20230324,감사보고서 (2022.12),20230324000284,삼정회계법인
KB손해보험,00120216,19990629,사업보고서 (1998.03),19990628000047,KB손해보험
KB손해보험,00120216,20000610,감사보고서 (2000.03),20000609000327,삼일회계법인
KB손해보험,00120216,20000629,사업보고서 (2000.03),20000629000060,KB손해보험
KB손해보험,00120216,20000726,연결감사보고서 (2000.03),20000726000071,삼일회계법인
KB손해보험,00120216,20000726,연결감사보고서 (2000.03),20000726000070,삼일회계법인
KB손해보험,00120216,20010626,감사보고서 (2001.03),20010626000030,한영회계법인
KB손해보험,00120216,20010628,[첨부추가]사업보고서 (2001.03),20010628000093,KB손해보험
KB손해보험,00120216,20010728,연결감사보고서 (2001.03),20010727000157,한영회계법인
KB손해보험,00120216,20020603,감사보고서 (2002.03),20020603000013,한영회계법인
KB손해보험,00120216,20020628,[첨부추가]사업보고서 (2002.03),20020628000046,KB손해보험
KB손해보험,00120216,20020724,연결감사보고서 (2002.03),20020724000120,한영회계법인
KB손해보험,00120216,20030604,감사보고서제출,20030603000224,KB손해보험
KB손해보험,00120216,20030612,감사보고서 (2003.03),20030612000006,한영회계법인
KB손해보험,00120216,20030630,[첨부추가]사업보고서 (2003.03),20030630000195,KB손해보험
KB손해보험,00120216,20030729,연결감사보고서 (2003.03),20030729000105,한영회계법인
KB손해보험,00120216,20040602,감사보고서제출,20040602000158,KB손해보험
KB손해보험,00120216,20040611,감사보고서 (2004.03),20040611000097,안진회계법인
KB손해보험,00120216,20040628,[첨부추가]사업보고서 (2004.03),20040628000233,KB손해보험
KB손해보험,00120216,20040730,연결감사보고서 (2004.03),20040730000147,안진회계법인
KB손해보험,00120216,20050524,감사보고서제출,20050524000215,KB손해보험
KB손해보험,00120216,20050602,[첨부정정]감사보고서제출,20050602000169,KB손해보험
KB손해보험,00120216,20050610,[첨부정정]감사보고서제출,20050609000316,KB손해보험
KB손해보험,00120216,20050616,감사보고서 (2005.03),20050616000106,안진회계법인
KB손해보험,00120216,20050629,[첨부추가]사업보고서 (2005.03),20050629000045,KB손해보험
KB손해보험,00120216,20050722,연결감사보고서 (2005.03),20050722000072,안진회계법인
KB손해보험,00120216,20060530,감사보고서제출,20060523800176,KB손해보험
KB손해보험,00120216,20060619,감사보고서 (2006.03),20060619000067,안진회계법인
KB손해보험,00120216,20060629,[첨부추가]사업보고서 (2006.03),20060629000073,KB손해보험
KB손해보험,00120216,20060728,연결감사보고서 (2006.03),20060728000088,안진회계법인
KB손해보험,00120216,20070604,감사보고서제출,20070601800139,KB손해보험
KB손해보험,00120216,20070615,감사보고서 (2007.03),20070615000316,안진회계법인
KB손해보험,00120216,20070629,[첨부추가]사업보고서 (2007.03),20070629000016,KB손해보험
KB손해보험,00120216,20070726,연결감사보고서 (2007.03),20070726000270,안진회계법인
KB손해보험,00120216,20080602,감사보고서제출,20080602800076,KB손해보험
KB손해보험,00120216,20080616,감사보고서 (2008.03),20080616000085,안진회계법인
KB손해보험,00120216,20080630,연결감사보고서 (2008.03),20080630000373,안진회계법인
KB손해보험,00120216,20080630,사업보고서 (2008.03),20080630000250,KB손해보험
KB손해보험,00120216,20090602,감사보고서제출,20090602800456,KB손해보험
KB손해보험,00120216,20090622,감사보고서 (2009.03),20090622000239,안진회계법인
KB손해보험,00120216,20090629,사업보고서 (2009.03),20090629000536,KB손해보험
KB손해보험,00120216,20090630,연결감사보고서 (2009.03),20090630000051,안진회계법인
KB손해보험,00120216,20100603,감사보고서제출,20100603800415,KB손해보험
KB손해보험,00120216,20100623,감사보고서 (2010.03),20100623000062,삼정회계법인
KB손해보험,00120216,20100629,연결감사보고서 (2010.03),20100629000495,삼정회계법인
KB손해보험,00120216,20100629,사업보고서 (2010.03),20100629000333,KB손해보험
KB손해보험,00120216,20110602,감사보고서제출,20110602800326,KB손해보험
KB손해보험,00120216,20110622,감사보고서 (2011.03),20110622000053,삼정회계법인
KB손해보험,00120216,20110628,연결감사보고서 (2011.03),20110628000372,삼정회계법인
KB손해보험,00120216,20110629,사업보고서 (2011.03),20110629000080,KB손해보험
KB손해보험,00120216,20120605,감사보고서제출,20120605800353,KB손해보험
KB손해보험,00120216,20120626,연결감사보고서 (2012.03),20120626000192,삼정회계법인
KB손해보험,00120216,20120626,감사보고서 (2012.03),20120626000190,삼정회계법인
KB손해보험,00120216,20120629,사업보고서 (2012.03),20120629000746,KB손해보험
KB손해보험,00120216,20120705,[기재정정]사업보고서 (2012.03),20120705000317,KB손해보험
KB손해보험,00120216,20130605,감사보고서제출,20130605800208,KB손해보험
KB손해보험,00120216,20130627,연결감사보고서 (2013.03),20130627000125,삼정회계법인
KB손해보험,00120216,20130627,감사보고서 (2013.03),20130627000124,삼정회계법인
KB손해보험,00120216,20130701,사업보고서 (2013.03),20130701000433,KB손해보험
KB손해보험,00120216,20130717,[기재정정]사업보고서 (2013.03),20130717000148,KB손해보험
KB손해보험,00120216,20140306,감사보고서제출,20140306801149,KB손해보험
KB손해보험,00120216,20140328,연결감사보고서 (2013.12),20140328001447,삼정회계법인
KB손해보험,00120216,20140328,감사보고서 (2013.12),20140328001446,삼정회계법인
KB손해보험,00120216,20140331,사업보고서 (2013.12),20140331003455,KB손해보험
KB손해보험,00120216,20150312,감사보고서제출,20150312801434,KB손해보험
KB손해보험,00120216,20150331,사업보고서 (2014.12),20150331004422,KB손해보험
KB손해보험,00120216,20150511,[기재정정]사업보고서 (2014.12),20150511002129,KB손해보험
KB손해보험,00120216,20150521,[기재정정]사업보고서 (2014.12),20150521000348,KB손해보험
KB손해보험,00120216,20160310,감사보고서제출,20160310801895,KB손해보험
KB손해보험,00120216,20160316,[기재정정]감사보고서제출,20160316800177,KB손해보험
KB손해보험,00120216,20160330,사업보고서 (2015.12),20160330004139,KB손해보험
KB손해보험,00120216,20170308,감사보고서제출,20170308801059,KB손해보험
KB손해보험,00120216,20170331,사업보고서 (2016.12),20170331005157,KB손해보험
KB손해보험,00120216,20180329,사업보고서 (2017.12),20180329001258,KB손해보험
KB손해보험,00120216,20190403,연결감사보고서 (2018.12),20190403002290,삼일회계법인
KB손해보험,00120216,20190403,감사보고서 (2018.12),20190403002289,삼일회계법인
KB손해보험,00120216,20200401,연결감사보고서 (2019.12),20200401001960,삼일회계법인
KB손해보험,00120216,20200401,감사보고서 (2019.12),20200401001957,삼일회계법인
KB손해보험,00120216,20210324,연결감사보고서 (2020.12),20210324000368,삼정회계법인
KB손해보험,00120216,20210324,감사보고서 (2020.12),20210324000367,삼정회계법인
KB손해보험,00120216,20220317,사업보고서 (2021.12),20220317000664,KB손해보험
KB손해보험,00120216,20230316,사업보고서 (2022.12),20230316000747,KB손해보험
KB손해보험,00120216,20240312,사업보고서 (2023.12),20240312000746,KB손해보험
KB손해보험,00120216,20240430,[기재정정]사업보고서 (2023.12),20240430000217,KB손해보험
KB손해보험,00120216,20250314,사업보고서 (2024.12),20250314001697,KB손해보험
KB손해보험,00120216,20250331,[기재정정]사업보고서 (2024.12),20250331004034,KB손해보험
KB손해보험,00120216,20260313,사업보고서 (2025.12),20260313001064,KB손해보험
KB손해보험,00120216,20260331,[기재정정]사업보고서 (2025.12),20260331003209,KB손해보험
iM금융지주,00878915,20120312,감사보고서제출(자회사의 주요경영사항),20120312800598,iM금융지주
iM금융지주,00878915,20120313,감사보고서제출,20120313800044,iM금융지주
iM금융지주,00878915,20120330,사업보고서 (2011.12),20120330000343,iM금융지주
iM금융지주,00878915,20130312,감사보고서제출(자회사의 주요경영사항),20130312800261,iM금융지주
iM금융지주,00878915,20130312,감사보고서제출,20130312800263,iM금융지주
iM금융지주,00878915,20130313,[첨부정정]감사보고서제출,20130313800288,iM금융지주
iM금융지주,00878915,20130401,사업보고서 (2012.12),20130401000921,iM금융지주
iM금융지주,00878915,20140313,감사보고서제출,20140313800181,iM금융지주
iM금융지주,00878915,20140313,감사보고서제출(자회사의 주요경영사항),20140313800160,iM금융지주
iM금융지주,00878915,20140331,사업보고서 (2013.12),20140331001563,iM금융지주
iM금융지주,00878915,20150309,감사보고서제출,20150309800275,iM금융지주
iM금융지주,00878915,20150309,감사보고서제출(자회사의 주요경영사항),20150309800272,iM금융지주
iM금융지주,00878915,20150331,사업보고서 (2014.12),20150331001266,iM금융지주
iM금융지주,00878915,20150515,[기재정정]사업보고서 (2014.12),20150515000253,iM금융지주
iM금융지주,00878915,20160316,감사보고서제출,20160316800706,iM금융지주
iM금융지주,00878915,20160316,감사보고서제출(자회사의 주요경영사항),20160316800636,iM금융지주
iM금융지주,00878915,20160330,사업보고서 (2015.12),20160330001005,iM금융지주
iM금융지주,00878915,20170315,감사보고서제출,20170315801007,iM금융지주
iM금융지주,00878915,20170315,감사보고서제출(자회사의 주요경영사항),20170315800974,iM금융지주
iM금융지주,00878915,20170331,사업보고서 (2016.12),20170331003962,iM금융지주
iM금융지주,00878915,20180315,감사보고서제출,20180315801344,iM금융지주
iM금융지주,00878915,20180315,감사보고서제출(자회사의 주요경영사항),20180315801332,iM금융지주
iM금융지주,00878915,20180402,사업보고서 (2017.12),20180402004848,iM금융지주
iM금융지주,00878915,20180402,[첨부정정]감사보고서제출(자회사의 주요경영사항),20180402802881,iM금융지주
iM금융지주,00878915,20190318,감사보고서제출(자회사의 주요경영사항),20190318801065,iM금융지주
iM금융지주,00878915,20190318,감사보고서제출,20190318801066,iM금융지주
iM금융지주,00878915,20190318,감사보고서제출(자회사의 주요경영사항),20190318801013,iM금융지주
iM금융지주,00878915,20190329,[첨부정정]감사보고서제출(자회사의 주요경영사항),20190329800718,iM금융지주
iM금융지주,00878915,20190401,사업보고서 (2018.12),20190401004795,iM금융지주
iM금융지주,00878915,20200318,감사보고서제출,20200318801377,iM금융지주
iM금융지주,00878915,20200318,감사보고서제출(자회사의 주요경영사항),20200318801371,iM금융지주
iM금융지주,00878915,20200318,감사보고서제출(자회사의 주요경영사항),20200318801363,iM금융지주
iM금융지주,00878915,20200330,사업보고서 (2019.12),20200330003513,iM금융지주
iM금융지주,00878915,20210317,감사보고서제출,20210317801138,iM금융지주
iM금융지주,00878915,20210317,감사보고서제출(자회사의 주요경영사항),20210317801119,iM금융지주
iM금융지주,00878915,20210317,감사보고서제출(자회사의 주요경영사항),20210317801114,iM금융지주
iM금융지주,00878915,20210318,사업보고서 (2020.12),20210318000803,iM금융지주
iM금융지주,00878915,20220316,감사보고서제출(자회사의 주요경영사항),20220316801822,iM금융지주
iM금융지주,00878915,20220317,사업보고서 (2021.12),20220317001101,iM금융지주
iM금융지주,00878915,20220317,감사보고서제출,20220317800857,iM금융지주
iM금융지주,00878915,20220317,감사보고서제출(자회사의 주요경영사항),20220317800848,iM금융지주
iM금융지주,00878915,20230310,감사보고서제출(자회사의 주요경영사항),20230310800191,iM금융지주
iM금융지주,00878915,20230314,감사보고서제출,20230314800613,iM금융지주
iM금융지주,00878915,20230314,감사보고서제출(자회사의 주요경영사항)(대구은행),20230314800611,iM금융지주
iM금융지주,00878915,20230315,[첨부정정]감사보고서제출,20230315802158,iM금융지주
iM금융지주,00878915,20230322,사업보고서 (2022.12),20230322000869,iM금융지주
iM금융지주,00878915,20240313,감사보고서제출              ,20240313802052,iM금융지주
iM금융지주,00878915,20240313,감사보고서제출(자회사의 주요경영사항)              ,20240313801919,iM금융지주
iM금융지주,00878915,20240313,감사보고서제출(자회사의 주요경영사항)              ,20240313801845,iM금융지주
iM금융지주,00878915,20240320,사업보고서 (2023.12),20240320001342,iM금융지주
iM금융지주,00878915,20240430,[기재정정]사업보고서 (2023.12),20240430000805,iM금융지주
iM금융지주,00878915,20250311,감사보고서제출              ,20250311801748,iM금융지주
iM금융지주,00878915,20250311,감사보고서제출(자회사의 주요경영사항)              ,20250311801491,iM금융지주
iM금융지주,00878915,20250311,감사보고서제출(자회사의 주요경영사항)              ,20250311801479,iM금융지주
iM금융지주,00878915,20250318,사업보고서 (2024.12),20250318000693,iM금융지주
iM금융지주,00878915,20260311,감사보고서제출(자회사의 주요경영사항)              ,20260311802348,iM금융지주
iM금융지주,00878915,20260311,감사보고서제출(자회사의 주요경영사항)              ,20260311802318,iM금융지주
iM금융지주,00878915,20260311,감사보고서제출              ,20260311802272,iM금융지주
iM금융지주,00878915,20260318,사업보고서 (2025.12),20260318000971,iM금융지주
iM금융지주,00878915,20260515,[기재정정]사업보고서 (2025.12),20260515000720,iM금융지주
iM라이프생명보험,00124063,20000608,감사보고서 (2000.03),20000608000192,삼일회계법인
iM라이프생명보험,00124063,20010608,감사보고서 (2001.03),20010608000286,삼일회계법인
iM라이프생명보험,00124063,20020607,감사보고서 (2002.03),20020607000202,삼일회계법인
iM라이프생명보험,00124063,20030618,감사보고서 (2003.03),20030618000167,삼일회계법인
iM라이프생명보험,00124063,20040616,감사보고서 (2004.03),20040616000032,삼일회계법인
iM라이프생명보험,00124063,20050609,감사보고서 (2005.03),20050609000104,안진회계법인
iM라이프생명보험,00124063,20060620,감사보고서 (2006.03),20060620000077,안진회계법인
iM라이프생명보험,00124063,20070613,감사보고서 (2007.03),20070613000225,한영회계법인
iM라이프생명보험,00124063,20080625,감사보고서 (2008.03),20080625000213,한영회계법인
iM라이프생명보험,00124063,20090626,감사보고서 (2009.03),20090626000146,안진회계법인
iM라이프생명보험,00124063,20100708,감사보고서 (2010.03),20100708000053,안진회계법인
iM라이프생명보험,00124063,20100729,사업보고서 (2010.03),20100729000226,아이엠라이프생명보험
iM라이프생명보험,00124063,20110629,사업보고서 (2011.03),20110629000380,아이엠라이프생명보험
iM라이프생명보험,00124063,20120629,사업보고서 (2012.03),20120629000643,아이엠라이프생명보험
iM라이프생명보험,00124063,20130701,사업보고서 (2013.03),20130701000425,아이엠라이프생명보험
iM라이프생명보험,00124063,20140331,사업보고서 (2013.12),20140331002912,아이엠라이프생명보험
iM라이프생명보험,00124063,20150331,사업보고서 (2014.12),20150331004474,아이엠라이프생명보험
iM라이프생명보험,00124063,20160330,사업보고서 (2015.12),20160330004083,아이엠라이프생명보험
iM라이프생명보험,00124063,20170331,사업보고서 (2016.12),20170331005389,아이엠라이프생명보험
iM라이프생명보험,00124063,20180402,사업보고서 (2017.12),20180402004208,아이엠라이프생명보험
iM라이프생명보험,00124063,20190401,사업보고서 (2018.12),20190401004436,아이엠라이프생명보험
iM라이프생명보험,00124063,20200403,감사보고서 (2019.12),20200403001330,삼정회계법인
iM라이프생명보험,00124063,20210331,감사보고서 (2020.12),20210331000166,한영회계법인
iM라이프생명보험,00124063,20220331,감사보고서 (2021.12),20220331002695,한영회계법인
iM라이프생명보험,00124063,20230327,감사보고서 (2022.12),20230327000753,한영회계법인
iM라이프생명보험,00124063,20240405,감사보고서 (2023.12),20240405002220,삼일회계법인
iM라이프생명보험,00124063,20250404,감사보고서 (2024.12),20250404003437,삼일회계법인
iM라이프생명보험,00124063,20260406,감사보고서 (2025.12),20260406004393,삼일회계법인
동양생명보험,00117267,20010604,감사보고서 (2001.03),20010604000034,한영회계법인
동양생명보험,00117267,20020709,감사보고서 (2002.03),20020709000062,안진회계법인
동양생명보험,00117267,20030625,감사보고서 (2003.03),20030625000181,한영회계법인
동양생명보험,00117267,20040715,감사보고서 (2004.03),20040715000114,보람회계법인
동양생명보험,00117267,20040728,연결감사보고서 (2004.03),20040728000151,보람회계법인
동양생명보험,00117267,20050624,감사보고서 (2005.03),20050624000159,보람회계법인
동양생명보험,00117267,20050726,연결감사보고서 (2005.03),20050726000059,보람회계법인
동양생명보험,00117267,20060629,[첨부추가]사업보고서 (2006.03),20060629000223,동양생명보험
동양생명보험,00117267,20060629,감사보고서 (2006.03),20060629000286,한영회계법인
동양생명보험,00117267,20060703,[첨부정정]감사보고서 (2006.03),20060703000207,한영회계법인
동양생명보험,00117267,20060728,연결감사보고서 (2005.03),20060728000243,한영회계법인
동양생명보험,00117267,20060926,[기재정정]연결감사보고서 (2006.03),20060926000040,한영회계법인
동양생명보험,00117267,20070629,사업보고서 (2007.03),20070629000354,동양생명보험
동양생명보험,00117267,20070629,[첨부정정]감사보고서 (2007.03),20070629000209,한영회계법인
동양생명보험,00117267,20070629,감사보고서 (2007.03),20070629000154,한영회계법인
동양생명보험,00117267,20080620,감사보고서 (2008.03),20080620000034,한영회계법인
동양생명보험,00117267,20080630,사업보고서 (2008.03),20080630000514,동양생명보험
동양생명보험,00117267,20080630,연결감사보고서 (2008.03),20080630000167,한영회계법인
동양생명보험,00117267,20080704,[첨부정정]사업보고서 (2008.03),20080704000237,동양생명보험
동양생명보험,00117267,20080704,[기재정정]연결감사보고서 (2008.03),20080704000233,한영회계법인
동양생명보험,00117267,20080704,[기재정정]감사보고서 (2008.03),20080704000232,한영회계법인
동양생명보험,00117267,20080707,[기재정정]사업보고서 (2008.03),20080707000208,동양생명보험
동양생명보험,00117267,20090623,감사보고서 (2009.03),20090623000204,한영회계법인
동양생명보험,00117267,20090629,연결감사보고서 (2009.03),20090629000576,한영회계법인
동양생명보험,00117267,20090629,사업보고서 (2009.03),20090629000491,동양생명보험
동양생명보험,00117267,20090814,[기재정정]사업보고서 (2009.03),20090814001679,동양생명보험
동양생명보험,00117267,20090814,[기재정정]연결감사보고서 (2009.03),20090814001082,한영회계법인
동양생명보험,00117267,20100531,감사보고서제출,20100531800289,동양생명보험
동양생명보험,00117267,20100618,감사보고서 (2010.03),20100618000174,한영회계법인
동양생명보험,00117267,20100629,연결감사보고서 (2010.03),20100629000316,한영회계법인
동양생명보험,00117267,20100629,사업보고서 (2010.03),20100629000234,동양생명보험
동양생명보험,00117267,20110524,감사보고서제출,20110524800279,동양생명보험
동양생명보험,00117267,20110629,[첨부추가]사업보고서 (2011.03),20110629000422,동양생명보험
동양생명보험,00117267,20120530,감사보고서제출,20120530800431,동양생명보험
동양생명보험,00117267,20120629,[첨부추가]사업보고서 (2012.03),20120629000707,동양생명보험
동양생명보험,00117267,20130607,감사보고서제출,20130607800324,동양생명보험
동양생명보험,00117267,20130701,사업보고서 (2013.03),20130701000416,동양생명보험
동양생명보험,00117267,20130701,[기재정정]사업보고서 (2012.03),20130701000409,동양생명보험
동양생명보험,00117267,20140307,감사보고서제출,20140307800371,동양생명보험
동양생명보험,00117267,20140331,사업보고서 (2013.12),20140331003177,동양생명보험
동양생명보험,00117267,20140515,[기재정정]사업보고서 (2013.12),20140515001233,동양생명보험
동양생명보험,00117267,20150311,감사보고서제출,20150311800900,동양생명보험
동양생명보험,00117267,20150331,사업보고서 (2014.12),20150331003680,동양생명보험
동양생명보험,00117267,20160311,감사보고서제출,20160311801114,동양생명보험
동양생명보험,00117267,20160330,사업보고서 (2015.12),20160330004237,동양생명보험
동양생명보험,00117267,20170320,감사보고서제출,20170320800399,동양생명보험
동양생명보험,00117267,20170331,사업보고서 (2016.12),20170331004647,동양생명보험
동양생명보험,00117267,20180315,감사보고서제출,20180315801539,동양생명보험
동양생명보험,00117267,20180402,사업보고서 (2017.12),20180402004901,동양생명보험
동양생명보험,00117267,20180504,[기재정정]사업보고서 (2017.12),20180504001959,동양생명보험
동양생명보험,00117267,20180615,[기재정정]사업보고서 (2017.12),20180615000486,동양생명보험
동양생명보험,00117267,20190315,감사보고서제출,20190315801533,동양생명보험
동양생명보험,00117267,20190401,사업보고서 (2018.12),20190401004610,동양생명보험
동양생명보험,00117267,20200313,감사보고서제출,20200313801526,동양생명보험
동양생명보험,00117267,20200330,사업보고서 (2019.12),20200330004308,동양생명보험
동양생명보험,00117267,20200814,[기재정정]사업보고서 (2019.12),20200814002314,동양생명보험
동양생명보험,00117267,20210316,감사보고서제출,20210316801821,동양생명보험
동양생명보험,00117267,20210319,[첨부정정]감사보고서제출,20210319800992,동양생명보험
동양생명보험,00117267,20210322,사업보고서 (2020.12),20210322000993,동양생명보험
동양생명보험,00117267,20210430,[기재정정]사업보고서 (2020.12),20210430001032,동양생명보험
동양생명보험,00117267,20210520,[기재정정]사업보고서 (2020.12),20210520000233,동양생명보험
동양생명보험,00117267,20210520,[기재정정]사업보고서 (2019.12),20210520000208,동양생명보험
동양생명보험,00117267,20220316,감사보고서제출,20220316801820,동양생명보험
동양생명보험,00117267,20220323,사업보고서 (2021.12),20220323001093,동양생명보험
동양생명보험,00117267,20230317,감사보고서제출,20230317801172,동양생명보험
동양생명보험,00117267,20230322,사업보고서 (2022.12),20230322001102,동양생명보험
동양생명보험,00117267,20240320,사업보고서 (2023.12),20240320001755,동양생명보험
동양생명보험,00117267,20240320,감사보고서제출              ,20240320801817,동양생명보험
동양생명보험,00117267,20240430,[기재정정]사업보고서 (2023.12),20240430000184,동양생명보험
동양생명보험,00117267,20250313,감사보고서제출              ,20250313801377,동양생명보험
동양생명보험,00117267,20250319,사업보고서 (2024.12),20250319000486,동양생명보험
동양생명보험,00117267,20250331,[기재정정]사업보고서 (2024.12),20250331000321,동양생명보험
동양생명보험,00117267,20260304,감사보고서제출              ,20260304800690,동양생명보험
동양생명보험,00117267,20260313,사업보고서 (2025.12),20260313001227,동양생명보험
동양생명보험,00117267,20260331,[기재정정]사업보고서 (2025.12),20260331004234,동양생명보험
신한라이프생명보험,00137517,20000605,감사보고서 (2000.03),20000605000009,안건회계법인
신한라이프생명보험,00137517,20010608,감사보고서 (2001.03),20010607000194,안건회계법인
신한라이프생명보험,00137517,20010620,[기재정정]감사보고서 (2001.03),20010619000126,안건회계법인
신한라이프생명보험,00137517,20020524,감사보고서 (2002.03),20020524000026,안건회계법인
신한라이프생명보험,00137517,20030619,감사보고서 (2003.03),20030619000141,안건회계법인
신한라이프생명보험,00137517,20040607,감사보고서 (2004.03),20040607000149,안건회계법인
신한라이프생명보험,00137517,20050603,감사보고서 (2005.03),20050603000056,한영회계법인
신한라이프생명보험,00137517,20060607,감사보고서 (2006.03),20060607000068,삼정회계법인
신한라이프생명보험,00137517,20070531,감사보고서 (2007.03),20070531000132,삼정회계법인
신한라이프생명보험,00137517,20080609,감사보고서 (2008.03),20080609000287,삼정회계법인
신한라이프생명보험,00137517,20090616,감사보고서 (2009.03),20090616000114,삼정회계법인
신한라이프생명보험,00137517,20100608,감사보고서 (2010.03),20100608000087,삼정회계법인
신한라이프생명보험,00137517,20110608,감사보고서 (2011.03),20110608000282,삼정회계법인
신한라이프생명보험,00137517,20120611,연결감사보고서 (2012.03),20120611000134,삼정회계법인
신한라이프생명보험,00137517,20120611,감사보고서 (2012.03),20120611000133,삼정회계법인
신한라이프생명보험,00137517,20130611,연결감사보고서 (2013.03),20130611000298,삼정회계법인
신한라이프생명보험,00137517,20130611,감사보고서 (2013.03),20130611000297,삼정회계법인
신한라이프생명보험,00137517,20140327,연결감사보고서 (2013.12),20140327000563,삼정회계법인
신한라이프생명보험,00137517,20140327,감사보고서 (2013.12),20140327000562,삼정회계법인
신한라이프생명보험,00137517,20150402,연결감사보고서 (2014.12),20150402000695,삼정회계법인
신한라이프생명보험,00137517,20150402,감사보고서 (2014.12),20150402000694,삼정회계법인
신한라이프생명보험,00137517,20151029,[기재정정]연결감사보고서 (2014.12),20151029000287,삼정회계법인
신한라이프생명보험,00137517,20151029,[기재정정]감사보고서 (2014.12),20151029000286,삼정회계법인
신한라이프생명보험,00137517,20151029,[기재정정]감사보고서 (2013.12),20151029000284,삼정회계법인
신한라이프생명보험,00137517,20160330,연결감사보고서 (2015.12),20160330003224,삼정회계법인
신한라이프생명보험,00137517,20160330,감사보고서 (2015.12),20160330003175,삼정회계법인
신한라이프생명보험,00137517,20170323,연결감사보고서 (2016.12),20170323000171,삼정회계법인
신한라이프생명보험,00137517,20170323,감사보고서 (2016.12),20170323000170,삼정회계법인
신한라이프생명보험,00137517,20180323,연결감사보고서 (2017.12),20180322000758,삼정회계법인
신한라이프생명보험,00137517,20180323,감사보고서 (2017.12),20180322000757,삼정회계법인
신한라이프생명보험,00137517,20190401,사업보고서 (2018.12),20190401000071,신한라이프생명보험
신한라이프생명보험,00137517,20200330,[첨부정정]사업보고서 (2019.12),20200330000934,신한라이프생명보험
신한라이프생명보험,00137517,20200330,사업보고서 (2019.12),20200327002169,신한라이프생명보험
신한라이프생명보험,00137517,20210331,사업보고서 (2020.12),20210331000311,신한라이프생명보험
신한라이프생명보험,00137517,20220331,사업보고서 (2021.12),20220331002124,신한라이프생명보험
신한라이프생명보험,00137517,20230315,사업보고서 (2022.12),20230315001232,신한라이프생명보험
신한라이프생명보험,00137517,20240319,사업보고서 (2023.12),20240319000450,신한라이프생명보험
신한라이프생명보험,00137517,20240430,[기재정정]사업보고서 (2023.12),20240430001046,신한라이프생명보험
신한라이프생명보험,00137517,20250318,사업보고서 (2024.12),20250318001216,신한라이프생명보험
신한라이프생명보험,00137517,20250331,[기재정정]사업보고서 (2024.12),20250331002957,신한라이프생명보험
신한라이프생명보험,00137517,20250331,[기재정정]사업보고서 (2024.12),20250331002840,신한라이프생명보험
신한라이프생명보험,00137517,20260318,사업보고서 (2025.12),20260318001034,신한라이프생명보험
신한라이프생명보험,00137517,20260331,[기재정정]사업보고서 (2025.12),20260331004136,신한라이프생명보험
신한이지손해보험,00499426,20050701,감사보고서 (2005.03),20050701000096,삼일회계법인
신한이지손해보험,00499426,20060703,감사보고서 (2006.03),20060703000221,한영회계법인
신한이지손해보험,00499426,20070702,감사보고서 (2007.03),20070702000068,한영회계법인
신한이지손해보험,00499426,20080627,감사보고서 (2008.03),20080627000272,한영회계법인
신한이지손해보험,00499426,20090706,감사보고서 (2009.03),20090706000313,삼정회계법인
신한이지손해보험,00499426,20100705,감사보고서 (2010.03),20100705000130,삼정회계법인
신한이지손해보험,00499426,20110705,감사보고서 (2011.03),20110705000232,삼정회계법인
신한이지손해보험,00499426,20110712,[기재정정]감사보고서 (2011.03),20110712000099,삼정회계법인
신한이지손해보험,00499426,20120702,감사보고서 (2012.03),20120702000048,삼정회계법인
신한이지손해보험,00499426,20130627,감사보고서 (2013.03),20130627000187,삼일회계법인
신한이지손해보험,00499426,20140328,감사보고서 (2013.12),20140328000680,삼일회계법인
신한이지손해보험,00499426,20150410,감사보고서 (2014.12),20150410000757,삼일회계법인
신한이지손해보험,00499426,20160408,감사보고서 (2015.12),20160408001614,삼일회계법인
신한이지손해보험,00499426,20170330,감사보고서 (2016.12),20170330000938,삼일회계법인
신한이지손해보험,00499426,20180410,감사보고서 (2017.12),20180410002473,삼일회계법인
신한이지손해보험,00499426,20190329,감사보고서 (2018.12),20190329002134,삼일회계법인
신한이지손해보험,00499426,20200327,감사보고서 (2019.12),20200327002116,삼일회계법인
신한이지손해보험,00499426,20210405,감사보고서 (2020.12),20210405002737,삼일회계법인
신한이지손해보험,00499426,20220405,감사보고서 (2021.12),20220405001512,삼일회계법인
신한이지손해보험,00499426,20230328,감사보고서 (2022.12),20230328000350,신한회계법인
신한이지손해보험,00499426,20240327,감사보고서 (2023.12),20240327000673,신한회계법인
신한이지손해보험,00499426,20250328,감사보고서 (2024.12),20250328002305,신한회계법인
신한이지손해보험,00499426,20260330,감사보고서 (2025.12),20260330001079,삼정회계법인
신한지주,00382199,20020321,연결감사보고서 (2001.12),20020320000435,안건회계법인
신한지주,00382199,20020327,사업보고서 (2001.12),20020327000215,신한지주
신한지주,00382199,20030321,감사보고서제출,20030320000689,신한지주
신한지주,00382199,20030325,감사보고서제출,20030324000685,신한지주
신한지주,00382199,20030331,사업보고서 (2002.12),20030331002094,신한지주
신한지주,00382199,20030401,연결감사보고서 (2002.12),20030401000415,삼정회계법인
신한지주,00382199,20030401,감사보고서 (2002.12),20030401000103,삼정회계법인
신한지주,00382199,20030524,감사보고서제출,20030524000029,신한지주
신한지주,00382199,20030527,[기재정정]감사보고서제출,20030526000215,신한지주
신한지주,00382199,20030623,[기재정정]감사보고서제출,20030623000195,신한지주
신한지주,00382199,20040311,감사보고서제출,20040311000272,신한지주
신한지주,00382199,20040317,[첨부정정]감사보고서제출,20040317000430,신한지주
신한지주,00382199,20040317,감사보고서제출,20040317000398,신한지주
신한지주,00382199,20040317,감사보고서제출,20040317000257,신한지주
신한지주,00382199,20040317,감사보고서제출,20040317000252,신한지주
신한지주,00382199,20040326,감사보고서 (2003.12),20040326000934,삼정회계법인
신한지주,00382199,20040330,사업보고서 (2003.12),20040330001741,신한지주
신한지주,00382199,20040330,연결감사보고서 (2003.12),20040330001729,삼정회계법인
신한지주,00382199,20040407,[첨부정정]감사보고서제출,20040407000939,신한지주
신한지주,00382199,20040521,감사보고서제출,20040520000287,신한지주
신한지주,00382199,20050322,감사보고서제출(자회사의 주요경영사항),20050322000339,신한지주
신한지주,00382199,20050322,감사보고서제출(자회사의 주요경영사항),20050322000322,신한지주
신한지주,00382199,20050322,감사보고서제출,20050322000321,신한지주
신한지주,00382199,20050331,사업보고서 (2004.12),20050331001944,신한지주
신한지주,00382199,20050406,감사보고서 (2004.12),20050404001011,삼정회계법인
신한지주,00382199,20050419,연결감사보고서 (2004.12),20050419000233,삼정회계법인
신한지주,00382199,20050701,해외증권거래소등에신고한사업보고서등의국내신고,20050701000260,신한지주
신한지주,00382199,20060313,감사보고서제출(자회사의 주요경영사항),20060313000707,신한지주
신한지주,00382199,20060313,감사보고서제출(자회사의 주요경영사항),20060313000668,신한지주
신한지주,00382199,20060313,감사보고서제출,20060313000663,신한지주
신한지주,00382199,20060330,감사보고서 (2005.12),20060330000647,삼정회계법인
신한지주,00382199,20060331,사업보고서 (2005.12),20060331001931,신한지주
신한지주,00382199,20060427,연결감사보고서 (2005.12),20060427000175,삼정회계법인
신한지주,00382199,20060703,해외증권거래소등에신고한사업보고서등의국내신고,20060703000230,신한지주
신한지주,00382199,20070309,감사보고서제출(자회사의 주요경영사항),20070309800245,신한지주
신한지주,00382199,20070309,감사보고서제출,20070309800136,신한지주
신한지주,00382199,20070330,감사보고서 (2006.12),20070330002600,삼정회계법인
신한지주,00382199,20070330,사업보고서 (2006.12),20070330001546,신한지주
신한지주,00382199,20070402,연결감사보고서 (2006.12),20070402000121,삼정회계법인
신한지주,00382199,20070702,해외증권거래소등에신고한사업보고서등의국내신고,20070702000199,신한지주
신한지주,00382199,20080311,감사보고서제출(자회사의 주요경영사항),20080311800237,신한지주
신한지주,00382199,20080311,감사보고서제출(자회사의 주요경영사항),20080311800226,신한지주
신한지주,00382199,20080311,감사보고서제출,20080311800210,신한지주
신한지주,00382199,20080331,감사보고서 (2007.12),20080331003343,삼정회계법인
신한지주,00382199,20080331,사업보고서 (2007.12),20080331002784,신한지주
신한지주,00382199,20080403,연결감사보고서 (2007.12),20080403001223,삼정회계법인
신한지주,00382199,20080701,해외증권거래소등에신고한사업보고서등의국내신고,20080701000386,신한지주
신한지주,00382199,20090227,감사보고서제출,20090227801986,신한지주
신한지주,00382199,20090309,감사보고서제출(자회사의 주요경영사항),20090309800527,신한지주
신한지주,00382199,20090309,감사보고서제출(자회사의 주요경영사항),20090309800526,신한지주
신한지주,00382199,20090331,사업보고서 (2008.12),20090331002836,신한지주
신한지주,00382199,20090331,감사보고서 (2008.12),20090330001465,삼정회계법인
신한지주,00382199,20090331,연결감사보고서 (2008.12),20090330001461,삼정회계법인
신한지주,00382199,20090701,해외증권거래소등에신고한사업보고서등의국내신고,20090701800425,신한지주
신한지주,00382199,20100316,감사보고서제출(자회사의 주요경영사항),20100316800445,신한지주
신한지주,00382199,20100316,감사보고서제출(자회사의 주요경영사항),20100316800442,신한지주
신한지주,00382199,20100316,감사보고서제출,20100316800439,신한지주
신한지주,00382199,20100331,사업보고서 (2009.12),20100331002823,신한지주
신한지주,00382199,20100331,연결감사보고서 (2009.12),20100331002814,삼정회계법인
신한지주,00382199,20100331,감사보고서 (2009.12),20100331002808,삼정회계법인
신한지주,00382199,20100629,해외증권거래소등에신고한사업보고서등의국내신고,20100629800200,신한지주
신한지주,00382199,20110121,[기재정정]사업보고서 (2009.12),20110121000269,신한지주
신한지주,00382199,20110121,[기재정정]사업보고서 (2008.12),20110121000261,신한지주
신한지주,00382199,20110315,감사보고서제출(자회사의 주요경영사항),20110315800523,신한지주
신한지주,00382199,20110315,감사보고서제출(자회사의 주요경영사항),20110315800522,신한지주
신한지주,00382199,20110315,감사보고서제출,20110315800518,신한지주
신한지주,00382199,20110331,사업보고서 (2010.12),20110331002947,신한지주
신한지주,00382199,20110331,지주회사의연결재무제표에대한감사보고서,20110331801624,신한지주
신한지주,00382199,20110629,해외증권거래소등에신고한사업보고서등의국내신고,20110629800432,신한지주
신한지주,00382199,20120319,감사보고서제출(자회사의 주요경영사항),20120319800541,신한지주
신한지주,00382199,20120320,감사보고서제출(자회사의 주요경영사항),20120320800361,신한지주
신한지주,00382199,20120321,감사보고서제출,20120321800671,신한지주
신한지주,00382199,20120330,사업보고서 (2011.12),20120330001709,신한지주
신한지주,00382199,20120403,연결감사보고서 (2011.12),20120403001087,삼정회계법인
신한지주,00382199,20120403,감사보고서 (2011.12),20120403001079,삼정회계법인
신한지주,00382199,20120502,해외증권거래소등에신고한사업보고서등의국내신고,20120502800170,신한지주
신한지주,00382199,20121026,[기재정정]사업보고서 (2011.12),20121026000269,신한지주
신한지주,00382199,20121026,[기재정정]사업보고서 (2010.12),20121026000253,신한지주
신한지주,00382199,20130319,감사보고서제출(자회사의 주요경영사항),20130319800481,신한지주
신한지주,00382199,20130319,감사보고서제출(자회사의 주요경영사항),20130319800468,신한지주
신한지주,00382199,20130320,감사보고서제출,20130320800451,신한지주
신한지주,00382199,20130401,사업보고서 (2012.12),20130401001795,신한지주
신한지주,00382199,20130502,해외증권거래소등에신고한사업보고서등의국내신고,20130502800282,신한지주
신한지주,00382199,20140314,감사보고서제출(자회사의 주요경영사항),20140314801522,신한지주
신한지주,00382199,20140314,감사보고서제출(자회사의 주요경영사항),20140314801518,신한지주
신한지주,00382199,20140314,감사보고서제출,20140314801513,신한지주
신한지주,00382199,20140331,사업보고서 (2013.12),20140331002210,신한지주
신한지주,00382199,20140502,해외증권거래소등에신고한사업보고서등의국내신고,20140502800220,신한지주
신한지주,00382199,20150310,감사보고서제출(자회사의 주요경영사항),20150310800562,신한지주
신한지주,00382199,20150310,감사보고서제출(자회사의 주요경영사항),20150310800553,신한지주
신한지주,00382199,20150310,감사보고서제출,20150310800552,신한지주
신한지주,00382199,20150331,사업보고서 (2014.12),20150331003654,신한지주
신한지주,00382199,20150504,[첨부정정]해외증권거래소등에신고한사업보고서등의국내신고,20150504800428,신한지주
신한지주,00382199,20150504,해외증권거래소등에신고한사업보고서등의국내신고,20150504800307,신한지주
신한지주,00382199,20150522,[기재정정]사업보고서 (2014.12),20150522000305,신한지주
신한지주,00382199,20160309,감사보고서제출(자회사의 주요경영사항),20160309801018,신한지주
신한지주,00382199,20160309,감사보고서제출(자회사의 주요경영사항),20160309801029,신한지주
신한지주,00382199,20160309,감사보고서제출,20160309801025,신한지주
신한지주,00382199,20160330,사업보고서 (2015.12),20160330004241,신한지주
신한지주,00382199,20160401,[기재정정]사업보고서 (2015.12),20160401000272,신한지주
신한지주,00382199,20160502,해외증권거래소등에신고한사업보고서등의국내신고,20160502800238,신한지주
신한지주,00382199,20170308,감사보고서제출,20170308801045,신한지주
신한지주,00382199,20170308,감사보고서제출(자회사의 주요경영사항),20170308800994,신한지주
신한지주,00382199,20170308,감사보고서제출(자회사의 주요경영사항),20170308800976,신한지주
신한지주,00382199,20170331,사업보고서 (2016.12),20170331003963,신한지주
신한지주,00382199,20170502,해외증권거래소등에신고한사업보고서등의국내신고,20170502800569,신한지주
신한지주,00382199,20180307,감사보고서제출,20180307801325,신한지주
신한지주,00382199,20180307,감사보고서제출(자회사의 주요경영사항),20180307801221,신한지주
신한지주,00382199,20180307,감사보고서제출(자회사의 주요경영사항),20180307801199,신한지주
신한지주,00382199,20180402,사업보고서 (2017.12),20180402004107,신한지주
신한지주,00382199,20180502,해외증권거래소등에신고한사업보고서등의국내신고,20180502800634,신한지주
신한지주,00382199,20190311,감사보고서제출,20190311801425,신한지주
신한지주,00382199,20190311,감사보고서제출(자회사의 주요경영사항),20190311801424,신한지주
신한지주,00382199,20190311,감사보고서제출(자회사의 주요경영사항),20190311801409,신한지주
신한지주,00382199,20190401,사업보고서 (2018.12),20190401004307,신한지주
신한지주,00382199,20190502,해외증권거래소등에신고한사업보고서등의국내신고,20190502800498,신한지주
신한지주,00382199,20190705,[기재정정]사업보고서 (2018.12),20190705000438,신한지주
신한지주,00382199,20190705,[기재정정]사업보고서 (2017.12),20190705000433,신한지주
신한지주,00382199,20200305,감사보고서제출,20200305801279,신한지주
신한지주,00382199,20200305,감사보고서제출(자회사의 주요경영사항),20200305801275,신한지주
신한지주,00382199,20200305,감사보고서제출(자회사의 주요경영사항),20200305801248,신한지주
신한지주,00382199,20200311,감사보고서제출(자회사의 주요경영사항),20200311800978,신한지주
신한지주,00382199,20200330,사업보고서 (2019.12),20200330003956,신한지주
신한지주,00382199,20200504,해외증권거래소등에신고한사업보고서등의국내신고,20200504800411,신한지주
신한지주,00382199,20200515,[기재정정]사업보고서 (2019.12),20200515002127,신한지주
신한지주,00382199,20210303,감사보고서제출,20210303800956,신한지주
신한지주,00382199,20210303,감사보고서제출(자회사의 주요경영사항),20210303800928,신한지주
신한지주,00382199,20210303,감사보고서제출(자회사의 주요경영사항),20210303800881,신한지주
신한지주,00382199,20210317,사업보고서 (2020.12),20210317001127,신한지주
신한지주,00382199,20210317,[첨부정정]감사보고서제출,20210317800835,신한지주
신한지주,00382199,20210429,해외증권거래소등에신고한사업보고서등의국내신고,20210429800617,신한지주
신한지주,00382199,20220303,감사보고서제출(자회사의 주요경영사항),20220303801086,신한지주
신한지주,00382199,20220303,감사보고서제출,20220303801050,신한지주
신한지주,00382199,20220303,감사보고서제출(자회사의 주요경영사항),20220303801012,신한지주
신한지주,00382199,20220315,[첨부정정]감사보고서제출,20220315801377,신한지주
신한지주,00382199,20220315,[첨부정정]감사보고서제출(자회사의 주요경영사항),20220315800824,신한지주
신한지주,00382199,20220316,사업보고서 (2021.12),20220316000748,신한지주
신한지주,00382199,20220421,해외증권거래소등에신고한사업보고서등의국내신고,20220421800638,신한지주
신한지주,00382199,20230306,감사보고서제출(자회사의 주요경영사항),20230306800799,신한지주
신한지주,00382199,20230306,감사보고서제출(자회사의 주요경영사항),20230306800730,신한지주
신한지주,00382199,20230306,감사보고서제출(자회사의 주요경영사항),20230306800709,신한지주
신한지주,00382199,20230306,감사보고서제출,20230306800707,신한지주
신한지주,00382199,20230315,사업보고서 (2022.12),20230315001015,신한지주
신한지주,00382199,20230421,해외증권거래소등에신고한사업보고서등의국내신고,20230421800578,신한지주
신한지주,00382199,20240304,감사보고서제출(자회사의 주요경영사항)              ,20240304800865,신한지주
신한지주,00382199,20240304,감사보고서제출(자회사의 주요경영사항)              ,20240304800847,신한지주
신한지주,00382199,20240304,감사보고서제출(자회사의 주요경영사항)              ,20240304800837,신한지주
신한지주,00382199,20240304,감사보고서제출              ,20240304800824,신한지주
신한지주,00382199,20240318,사업보고서 (2023.12),20240318000635,신한지주
신한지주,00382199,20240419,해외증권거래소등에신고한사업보고서등의국내신고              ,20240419800753,신한지주
신한지주,00382199,20240502,[기재정정]사업보고서 (2023.12),20240502000081,신한지주
신한지주,00382199,20250304,감사보고서제출(자회사의 주요경영사항)              ,20250304800960,신한지주
신한지주,00382199,20250304,감사보고서제출(자회사의 주요경영사항)              ,20250304800925,신한지주
신한지주,00382199,20250304,감사보고서제출(자회사의 주요경영사항)              ,20250304800922,신한지주
신한지주,00382199,20250304,감사보고서제출              ,20250304800753,신한지주
신한지주,00382199,20250318,사업보고서 (2024.12),20250318000993,신한지주
신한지주,00382199,20250318,[첨부정정]감사보고서제출              ,20250318801186,신한지주
신한지주,00382199,20250318,[첨부정정]감사보고서제출(자회사의 주요경영사항)              ,20250318801160,신한지주
신한지주,00382199,20250424,해외증권거래소등에신고한사업보고서등의국내신고              ,20250424800787,신한지주
신한지주,00382199,20250425,[첨부정정]해외증권거래소등에신고한사업보고서등의국내신고              ,20250425800899,신한지주
신한지주,00382199,20260303,감사보고서제출(자회사의 주요경영사항)              ,20260303801357,신한지주
신한지주,00382199,20260303,감사보고서제출(자회사의 주요경영사항)              ,20260303801317,신한지주
신한지주,00382199,20260303,감사보고서제출(자회사의 주요경영사항)              ,20260303801305,신한지주
신한지주,00382199,20260303,감사보고서제출              ,20260303801295,신한지주
신한지주,00382199,20260318,사업보고서 (2025.12),20260318000826,신한지주
신한지주,00382199,20260423,해외증권거래소등에신고한사업보고서등의국내신고              ,20260423800911,신한지주
오렌지라이프생명보험,00176792,20000711,감사보고서 (2000.03),20000711000142,삼일회계법인
오렌지라이프생명보험,00176792,20010614,감사보고서 (2001.03),20010614000100,삼일회계법인
오렌지라이프생명보험,00176792,20020624,감사보고서 (2002.03),20020624000042,삼일회계법인
오렌지라이프생명보험,00176792,20030711,감사보고서 (2003.03),20030711000166,한영회계법인
오렌지라이프생명보험,00176792,20040709,감사보고서 (2004.03),20040709000065,한영회계법인
오렌지라이프생명보험,00176792,20050630,감사보고서 (2005.03),20050630000061,한영회계법인
오렌지라이프생명보험,00176792,20060703,감사보고서 (2006.03),20060703000091,한영회계법인
오렌지라이프생명보험,00176792,20070627,감사보고서 (2007.03),20070627000150,한영회계법인
오렌지라이프생명보험,00176792,20080701,감사보고서 (2008.03),20080701000159,한영회계법인
오렌지라이프생명보험,00176792,20090630,감사보고서 (2009.03),20090630000474,한영회계법인
오렌지라이프생명보험,00176792,20100630,감사보고서 (2010.03),20100630000095,한영회계법인
오렌지라이프생명보험,00176792,20110621,감사보고서 (2011.03),20110621000210,한영회계법인
오렌지라이프생명보험,00176792,20120628,감사보고서 (2012.03),20120628000212,한영회계법인
오렌지라이프생명보험,00176792,20130627,감사보고서 (2013.03),20130627000109,한영회계법인
오렌지라이프생명보험,00176792,20140328,감사보고서 (2013.12),20140328000098,한영회계법인
오렌지라이프생명보험,00176792,20150331,감사보고서 (2014.12),20150331000127,한영회계법인
오렌지라이프생명보험,00176792,20160331,감사보고서 (2015.12),20160331001554,한영회계법인
오렌지라이프생명보험,00176792,20170322,감사보고서 (2016.12),20170322000136,한영회계법인
오렌지라이프생명보험,00176792,20180305,감사보고서제출,20180305800617,오렌지라이프생명보험
오렌지라이프생명보험,00176792,20180330,사업보고서 (2017.12),20180330001804,오렌지라이프생명보험
오렌지라이프생명보험,00176792,20190308,감사보고서제출,20190308801348,오렌지라이프생명보험
오렌지라이프생명보험,00176792,20190328,사업보고서 (2018.12),20190328001973,오렌지라이프생명보험
오렌지라이프생명보험,00176792,20200330,사업보고서 (2019.12),20200330003387,오렌지라이프생명보험
오렌지라이프생명보험,00176792,20200401,[첨부정정]사업보고서 (2019.12),20200401002991,오렌지라이프생명보험
오렌지라이프생명보험,00176792,20200401,[첨부정정]사업보고서 (2019.12),20200401002970,오렌지라이프생명보험
오렌지라이프생명보험,00176792,20210330,사업보고서 (2020.12),20210330001517,오렌지라이프생명보험
우리금융지주,01350869,20190319,감사보고서제출(자회사의 주요경영사항),20190319800561,우리금융지주
우리금융지주,01350869,20190502,해외증권거래소등에신고한사업보고서등의국내신고,20190502800598,우리금융지주
우리금융지주,01350869,20200316,감사보고서제출,20200316801804,우리금융지주
우리금융지주,01350869,20200316,감사보고서제출(자회사의 주요경영사항),20200316801763,우리금융지주
우리금융지주,01350869,20200330,사업보고서 (2019.12),20200330004490,우리금융지주
우리금융지주,01350869,20200504,해외증권거래소등에신고한사업보고서등의국내신고,20200504800471,우리금융지주
우리금융지주,01350869,20210312,감사보고서제출(자회사의 주요경영사항),20210312801816,우리금융지주
우리금융지주,01350869,20210312,감사보고서제출,20210312801734,우리금융지주
우리금융지주,01350869,20210318,사업보고서 (2020.12),20210318001162,우리금융지주
우리금융지주,01350869,20210503,해외증권거래소등에신고한사업보고서등의국내신고,20210503800461,우리금융지주
우리금융지주,01350869,20220315,감사보고서제출(자회사의 주요경영사항),20220315801690,우리금융지주
우리금융지주,01350869,20220315,감사보고서제출,20220315801675,우리금융지주
우리금융지주,01350869,20220317,사업보고서 (2021.12),20220317001124,우리금융지주
우리금융지주,01350869,20220517,해외증권거래소등에신고한사업보고서등의국내신고,20220517800451,우리금융지주
우리금융지주,01350869,20230307,감사보고서제출(자회사의 주요경영사항),20230307801067,우리금융지주
우리금융지주,01350869,20230307,감사보고서제출,20230307801019,우리금융지주
우리금융지주,01350869,20230316,사업보고서 (2022.12),20230316001455,우리금융지주
우리금융지주,01350869,20230424,해외증권거래소등에신고한사업보고서등의국내신고,20230424800453,우리금융지주
우리금융지주,01350869,20240306,감사보고서제출(자회사의 주요경영사항)              ,20240306800958,우리금융지주
우리금융지주,01350869,20240306,감사보고서제출              ,20240306800914,우리금융지주
우리금융지주,01350869,20240314,사업보고서 (2023.12),20240314001383,우리금융지주
우리금융지주,01350869,20240430,해외증권거래소등에신고한사업보고서등의국내신고              ,20240430800381,우리금융지주
우리금융지주,01350869,20240516,[기재정정]사업보고서 (2023.12),20240516001472,우리금융지주
우리금융지주,01350869,20250305,감사보고서제출(자회사의 주요경영사항)              ,20250305800564,우리금융지주
우리금융지주,01350869,20250305,감사보고서제출              ,20250305800485,우리금융지주
우리금융지주,01350869,20250318,[첨부정정]사업보고서 (2024.12),20250318001303,우리금융지주
우리금융지주,01350869,20250318,사업보고서 (2024.12),20250318001196,우리금융지주
우리금융지주,01350869,20250429,해외증권거래소등에신고한사업보고서등의국내신고              ,20250429800869,우리금융지주
우리금융지주,01350869,20260304,감사보고서제출              ,20260304801596,우리금융지주
우리금융지주,01350869,20260304,감사보고서제출(자회사의 주요경영사항)              ,20260304801499,우리금융지주
우리금융지주,01350869,20260313,사업보고서 (2025.12),20260313001235,우리금융지주
우리금융지주,01350869,20260423,해외증권거래소등에신고한사업보고서등의국내신고              ,20260423800528,우리금융지주
우리금융지주(구),00375302,20010702,연결감사보고서 (2001.03),20010702000199,안진회계법인
우리금융지주(구),00375302,20010702,감사보고서 (2001.03),20010702000198,안진회계법인
우리금융지주(구),00375302,20020401,사업보고서 (2001.12),20020401000886,우리금융지주
우리금융지주(구),00375302,20030320,감사보고서제출,20030319000732,우리금융지주
우리금융지주(구),00375302,20030320,감사보고서제출,20030319000730,우리금융지주
우리금융지주(구),00375302,20030320,감사보고서제출,20030319000711,우리금융지주
우리금융지주(구),00375302,20030321,감사보고서제출,20030321001001,우리금융지주
우리금융지주(구),00375302,20030326,[기재정정]감사보고서제출,20030326000723,우리금융지주
우리금융지주(구),00375302,20030326,[기재정정]감사보고서제출,20030326000219,우리금융지주
우리금융지주(구),00375302,20030327,[기재정정]감사보고서제출,20030326000794,우리금융지주
우리금융지주(구),00375302,20030331,사업보고서 (2002.12),20030331000974,우리금융지주
우리금융지주(구),00375302,20030401,감사보고서 (2002.12),20030401000888,하나회계법인
우리금융지주(구),00375302,20030408,[기재정정]사업보고서 (2002.12),20030408000018,우리금융지주
우리금융지주(구),00375302,20030414,연결감사보고서 (2002.12),20030414000240,하나회계법인
우리금융지주(구),00375302,20040305,감사보고서제출,20040305000643,우리금융지주
우리금융지주(구),00375302,20040315,감사보고서제출,20040315000330,우리금융지주
우리금융지주(구),00375302,20040316,감사보고서제출,20040315000575,우리금융지주
우리금융지주(구),00375302,20040318,감사보고서제출,20040318000462,우리금융지주
우리금융지주(구),00375302,20040325,연결감사보고서 (2003.12),20040325000341,하나회계법인
우리금융지주(구),00375302,20040330,사업보고서 (2003.12),20040330000997,우리금융지주
우리금융지주(구),00375302,20040331,감사보고서 (2003.12),20040331000799,하나회계법인
우리금융지주(구),00375302,20050316,감사보고서제출(자회사의 주요경영사항),20050316000272,우리금융지주
우리금융지주(구),00375302,20050318,감사보고서제출,20050318001021,우리금융지주
우리금융지주(구),00375302,20050328,감사보고서 (2004.12),20050328000472,안진회계법인
우리금융지주(구),00375302,20050329,연결감사보고서 (2004.12),20050329000731,안진회계법인
우리금융지주(구),00375302,20050331,사업보고서 (2004.12),20050331001077,우리금융지주
우리금융지주(구),00375302,20050701,해외증권거래소등에신고한사업보고서등의국내신고,20050701000044,우리금융지주
우리금융지주(구),00375302,20060315,감사보고서제출(자회사의 주요경영사항),20060315000446,우리금융지주
우리금융지주(구),00375302,20060315,감사보고서제출,20060315000445,우리금융지주
우리금융지주(구),00375302,20060329,연결감사보고서 (2005.12),20060329000825,안진회계법인
우리금융지주(구),00375302,20060329,감사보고서 (2005.12),20060329000822,안진회계법인
우리금융지주(구),00375302,20060330,사업보고서 (2005.12),20060330000386,우리금융지주
우리금융지주(구),00375302,20060628,해외증권거래소등에신고한사업보고서등의국내신고,20060628000220,우리금융지주
우리금융지주(구),00375302,20070315,감사보고서제출(자회사의 주요경영사항),20070315800129,우리금융지주
우리금융지주(구),00375302,20070319,감사보고서제출,20070316800453,우리금융지주
우리금융지주(구),00375302,20070330,사업보고서 (2006.12),20070330001498,우리금융지주
우리금융지주(구),00375302,20070402,감사보고서 (2006.12),20070402000705,안진회계법인
우리금융지주(구),00375302,20070411,연결감사보고서 (2006.12),20070411000430,안진회계법인
우리금융지주(구),00375302,20070628,해외증권거래소등에신고한사업보고서등의국내신고,20070628000262,우리금융지주
우리금융지주(구),00375302,20080319,감사보고서제출,20080318800070,우리금융지주
우리금융지주(구),00375302,20080319,감사보고서제출(자회사의 주요경영사항),20080318800182,우리금융지주
우리금융지주(구),00375302,20080331,감사보고서 (2007.12),20080331000560,안진회계법인
우리금융지주(구),00375302,20080331,연결감사보고서 (2007.12),20080331000536,안진회계법인
우리금융지주(구),00375302,20080331,사업보고서 (2007.12),20080331000268,우리금융지주
우리금융지주(구),00375302,20080626,해외증권거래소등에신고한사업보고서등의국내신고,20080626000204,우리금융지주
우리금융지주(구),00375302,20090318,감사보고서제출(자회사의 주요경영사항),20090318800613,우리금융지주
우리금융지주(구),00375302,20090318,감사보고서제출,20090318800607,우리금융지주
우리금융지주(구),00375302,20090330,감사보고서 (2008.12),20090330000200,안진회계법인
우리금융지주(구),00375302,20090331,연결감사보고서 (2008.12),20090331001414,안진회계법인
우리금융지주(구),00375302,20090331,사업보고서 (2008.12),20090331001267,우리금융지주
우리금융지주(구),00375302,20090629,해외증권거래소등에신고한사업보고서등의국내신고,20090629800367,우리금융지주
우리금융지주(구),00375302,20100317,감사보고서제출,20100317800629,우리금융지주
우리금융지주(구),00375302,20100317,감사보고서제출(자회사의 주요경영사항),20100317800626,우리금융지주
우리금융지주(구),00375302,20100330,사업보고서 (2009.12),20100330000023,우리금융지주
우리금융지주(구),00375302,20100331,연결감사보고서 (2009.12),20100331001304,안진회계법인
우리금융지주(구),00375302,20100331,감사보고서 (2009.12),20100331001289,안진회계법인
우리금융지주(구),00375302,20100628,해외증권거래소등에신고한사업보고서등의국내신고,20100628800229,우리금융지주
우리금융지주(구),00375302,20110317,감사보고서제출,20110317800394,우리금융지주
우리금융지주(구),00375302,20110317,감사보고서제출(자회사의 주요경영사항),20110317800141,우리금융지주
우리금융지주(구),00375302,20110330,지주회사의연결재무제표에대한감사보고서,20110330800535,우리금융지주
우리금융지주(구),00375302,20110331,사업보고서 (2010.12),20110331001704,우리금융지주
우리금융지주(구),00375302,20110628,해외증권거래소등에신고한사업보고서등의국내신고,20110628800082,우리금융지주
우리금융지주(구),00375302,20120321,감사보고서제출(자회사의 주요경영사항),20120321800602,우리금융지주
우리금융지주(구),00375302,20120322,감사보고서제출,20120322800893,우리금융지주
우리금융지주(구),00375302,20120330,사업보고서 (2011.12),20120330001553,우리금융지주
우리금융지주(구),00375302,20120426,[첨부정정]사업보고서 (2011.12),20120426000524,우리금융지주
우리금융지주(구),00375302,20120426,[첨부정정]감사보고서제출(자회사의 주요경영사항),20120426800323,우리금융지주
우리금융지주(구),00375302,20120426,[첨부정정]감사보고서제출,20120426800325,우리금융지주
우리금융지주(구),00375302,20120502,해외증권거래소등에신고한사업보고서등의국내신고,20120502800288,우리금융지주
우리금융지주(구),00375302,20120529,[첨부정정]해외증권거래소등에신고한사업보고서등의국내신고,20120529800108,우리금융지주
우리금융지주(구),00375302,20130313,감사보고서제출(자회사의 주요경영사항),20130313800710,우리금융지주
우리금융지주(구),00375302,20130314,감사보고서제출,20130314800715,우리금융지주
우리금융지주(구),00375302,20130401,사업보고서 (2012.12),20130401001236,우리금융지주
우리금융지주(구),00375302,20130502,해외증권거래소등에신고한사업보고서등의국내신고,20130502800250,우리금융지주
우리금융지주(구),00375302,20140312,감사보고서제출(자회사의 주요경영사항),20140312800749,우리금융지주
우리금융지주(구),00375302,20140313,감사보고서제출,20140313801004,우리금융지주
우리금융지주(구),00375302,20140331,사업보고서 (2013.12),20140331002979,우리금융지주
우리금융지주(구),00375302,20140502,해외증권거래소등에신고한사업보고서등의국내신고,20140502800097,우리금융지주
우리금융지주(구),00375302,20140515,[기재정정]사업보고서 (2013.12),20140515001465,우리금융지주
캐롯손해보험,01393934,20210326,감사보고서 (2020.12),20210326000362,서현회계법인
캐롯손해보험,01393934,20210414,[기재정정]감사보고서 (2020.12),20210414001569,서현회계법인
캐롯손해보험,01393934,20220324,감사보고서 (2021.12),20220324000017,서현회계법인
캐롯손해보험,01393934,20230324,감사보고서 (2022.12),20230324000294,서현회계법인
캐롯손해보험,01393934,20240403,감사보고서 (2023.12),20240403002111,삼일회계법인
캐롯손해보험,01393934,20250327,감사보고서 (2024.12),20250327000620,삼일회계법인
한화생명보험,00113058,20000620,감사보고서 (2000.03),20000620000101,삼일회계법인
한화생명보험,00113058,20000801,연결감사보고서 (2000.03),20000801000032,삼일회계법인
한화생명보험,00113058,20010706,감사보고서 (2001.03),20010706000056,삼일회계법인
한화생명보험,00113058,20010731,연결감사보고서 (2001.03),20010731000090,삼일회계법인
한화생명보험,00113058,20020710,감사보고서 (2002.03),20020710000192,삼일회계법인
한화생명보험,00113058,20020731,연결감사보고서 (2002.03),20020731000011,삼일회계법인
한화생명보험,00113058,20030704,감사보고서 (2003.03),20030704000080,삼일회계법인
한화생명보험,00113058,20030730,연결감사보고서 (2003.03),20030730000137,삼일회계법인
한화생명보험,00113058,20040709,감사보고서 (2004.03),20040709000246,안진회계법인
한화생명보험,00113058,20040730,연결감사보고서 (2004.03),20040730000109,안진회계법인
한화생명보험,00113058,20050628,감사보고서 (2005.03),20050628000244,안진회계법인
한화생명보험,00113058,20050714,연결감사보고서 (2005.03),20050714000121,안진회계법인
한화생명보험,00113058,20060629,감사보고서 (2006.03),20060629000169,안진회계법인
한화생명보험,00113058,20060726,연결감사보고서 (2006.03),20060726000186,안진회계법인
한화생명보험,00113058,20070711,감사보고서 (2007.03),20070711000104,안진회계법인
한화생명보험,00113058,20070731,연결감사보고서 (2007.03),20070731000141,안진회계법인
한화생명보험,00113058,20070828,[기재정정]연결감사보고서 (2007.03),20070828000011,안진회계법인
한화생명보험,00113058,20080703,감사보고서 (2008.03),20080703000072,안진회계법인
한화생명보험,00113058,20080731,연결감사보고서 (2008.03),20080731000032,안진회계법인
한화생명보험,00113058,20080804,[기재정정]연결감사보고서 (2008.03),20080804000005,안진회계법인
한화생명보험,00113058,20090707,감사보고서 (2009.03),20090707000063,안진회계법인
한화생명보험,00113058,20090731,연결감사보고서 (2009.03),20090731000206,안진회계법인
한화생명보험,00113058,20091127,[기재정정]연결감사보고서 (2009.03),20091127000273,안진회계법인
한화생명보험,00113058,20100607,감사보고서제출,20100607800341,한화생명
한화생명보험,00113058,20100629,사업보고서 (2010.03),20100629000475,한화생명
한화생명보험,00113058,20110527,감사보고서제출,20110527800485,한화생명
한화생명보험,00113058,20110629,사업보고서 (2011.03),20110629000427,한화생명
한화생명보험,00113058,20110630,[기재정정]사업보고서 (2011.03),20110630000079,한화생명
한화생명보험,00113058,20120612,감사보고서제출,20120612800405,한화생명
한화생명보험,00113058,20120629,사업보고서 (2012.03),20120629000669,한화생명
한화생명보험,00113058,20120831,[기재정정]사업보고서 (2012.03),20120831001164,한화생명
한화생명보험,00113058,20130613,감사보고서제출,20130613800260,한화생명
한화생명보험,00113058,20130701,사업보고서 (2013.03),20130701000351,한화생명
한화생명보험,00113058,20140312,감사보고서제출,20140312800827,한화생명
한화생명보험,00113058,20140331,사업보고서 (2013.12),20140331002973,한화생명
한화생명보험,00113058,20140528,[첨부정정]사업보고서 (2013.03),20140528000382,한화생명
한화생명보험,00113058,20150312,감사보고서제출,20150312801562,한화생명
한화생명보험,00113058,20150331,사업보고서 (2014.12),20150331003006,한화생명
한화생명보험,00113058,20160310,감사보고서제출,20160310801544,한화생명
한화생명보험,00113058,20160330,사업보고서 (2015.12),20160330003956,한화생명
한화생명보험,00113058,20160516,[기재정정]사업보고서 (2015.12),20160516001514,한화생명
한화생명보험,00113058,20170313,감사보고서제출,20170313800952,한화생명
한화생명보험,00113058,20170331,사업보고서 (2016.12),20170331005451,한화생명
한화생명보험,00113058,20180315,감사보고서제출,20180315802049,한화생명
한화생명보험,00113058,20180402,사업보고서 (2017.12),20180402005271,한화생명
한화생명보험,00113058,20180402,[첨부정정]감사보고서제출,20180402802676,한화생명
한화생명보험,00113058,20180403,[첨부정정]사업보고서 (2017.12),20180403001963,한화생명
한화생명보험,00113058,20190315,감사보고서제출,20190315801602,한화생명
한화생명보험,00113058,20190401,사업보고서 (2018.12),20190401005054,한화생명
한화생명보험,00113058,20200312,감사보고서제출,20200312802206,한화생명
한화생명보험,00113058,20200330,사업보고서 (2019.12),20200330004730,한화생명
한화생명보험,00113058,20200331,[기재정정]사업보고서 (2019.12),20200331001872,한화생명
한화생명보험,00113058,20210305,사업보고서 (2020.12),20210305000803,한화생명
한화생명보험,00113058,20210305,감사보고서제출,20210305801018,한화생명
한화생명보험,00113058,20220316,[기재정정]사업보고서 (2021.12),20220316001424,한화생명
한화생명보험,00113058,20220316,사업보고서 (2021.12),20220316001411,한화생명
한화생명보험,00113058,20220316,감사보고서제출,20220316802061,한화생명
한화생명보험,00113058,20230315,사업보고서 (2022.12),20230315001327,한화생명
한화생명보험,00113058,20230315,감사보고서제출,20230315801961,한화생명
한화생명보험,00113058,20240313,사업보고서 (2023.12),20240313001679,한화생명
한화생명보험,00113058,20240313,감사보고서제출              ,20240313802221,한화생명
한화생명보험,00113058,20240430,[기재정정]사업보고서 (2023.12),20240430000873,한화생명
한화생명보험,00113058,20250312,사업보고서 (2024.12),20250312000939,한화생명
한화생명보험,00113058,20250312,감사보고서제출              ,20250312800724,한화생명
한화생명보험,00113058,20250331,[기재정정]사업보고서 (2024.12),20250331003702,한화생명
한화생명보험,00113058,20260316,사업보고서 (2025.12),20260316001304,한화생명
한화생명보험,00113058,20260316,감사보고서제출              ,20260316800305,한화생명
한화생명보험,00113058,20260331,[기재정정]사업보고서 (2025.12),20260331003585,한화생명
한화손해보험,00135917,19990629,사업보고서 (1998.03),19990629000016,한화손해보험
한화손해보험,00135917,20000601,감사보고서 (2000.03),20000601000144,안진회계법인
한화손해보험,00135917,20000629,사업보고서 (2000.03),20000629000182,한화손해보험
한화손해보험,00135917,20010629,사업보고서 (2001.03),20010629000302,한화손해보험
한화손해보험,00135917,20010712,감사보고서 (2001.03),20010712000091,안진회계법인
한화손해보험,00135917,20020611,감사보고서 (2002.03),20020611000125,안진회계법인
한화손해보험,00135917,20020629,사업보고서 (2002.03),20020628000407,한화손해보험
한화손해보험,00135917,20030530,감사보고서제출,20030530000069,한화손해보험
한화손해보험,00135917,20030613,감사보고서 (2003.03),20030613000165,안진회계법인
한화손해보험,00135917,20030627,사업보고서 (2003.03),20030627000081,한화손해보험
한화손해보험,00135917,20040531,[기재정정]감사보고서제출,20040531000150,한화손해보험
한화손해보험,00135917,20040531,감사보고서제출,20040531000136,한화손해보험
한화손해보험,00135917,20040611,감사보고서 (2004.03),20040611000033,안진회계법인
한화손해보험,00135917,20040630,사업보고서 (2004.03),20040629000508,한화손해보험
한화손해보험,00135917,20050531,감사보고서제출,20050531000254,한화손해보험
한화손해보험,00135917,20050621,감사보고서 (2005.03),20050621000021,안진회계법인
한화손해보험,00135917,20050628,사업보고서 (2005.03),20050628000241,한화손해보험
한화손해보험,00135917,20060609,감사보고서제출,20060529800028,한화손해보험
한화손해보험,00135917,20060615,[기재정정]감사보고서제출,20060614800146,한화손해보험
한화손해보험,00135917,20060629,사업보고서 (2006.03),20060629000342,한화손해보험
한화손해보험,00135917,20060630,감사보고서 (2006.03),20060630000140,안진회계법인
한화손해보험,00135917,20060630,[첨부정정]사업보고서 (2006.03),20060630000007,한화손해보험
한화손해보험,00135917,20070601,감사보고서제출,20070531800044,한화손해보험
한화손해보험,00135917,20070615,감사보고서 (2007.03),20070615000102,한영회계법인
한화손해보험,00135917,20070629,사업보고서 (2007.03),20070629000028,한화손해보험
한화손해보험,00135917,20080602,감사보고서제출,20080529800084,한화손해보험
한화손해보험,00135917,20080620,감사보고서 (2008.03),20080620000037,한영회계법인
한화손해보험,00135917,20080627,사업보고서 (2008.03),20080627000020,한화손해보험
한화손해보험,00135917,20090522,감사보고서제출,20090522800247,한화손해보험
한화손해보험,00135917,20090618,감사보고서 (2009.03),20090618000195,한영회계법인
한화손해보험,00135917,20090629,사업보고서 (2009.03),20090629000040,한화손해보험
한화손해보험,00135917,20100603,감사보고서제출,20100603800230,한화손해보험
한화손해보험,00135917,20100629,사업보고서 (2010.03),20100629000021,한화손해보험
한화손해보험,00135917,20110602,감사보고서제출,20110602800152,한화손해보험
한화손해보험,00135917,20110629,사업보고서 (2011.03),20110629000029,한화손해보험
한화손해보험,00135917,20120604,감사보고서제출,20120604800362,한화손해보험
한화손해보험,00135917,20120627,연결감사보고서 (2012.03),20120627000164,한영회계법인
한화손해보험,00135917,20120627,감사보고서 (2012.03),20120627000163,한영회계법인
한화손해보험,00135917,20120629,사업보고서 (2012.03),20120629000078,한화손해보험
한화손해보험,00135917,20130613,감사보고서제출,20130613800106,한화손해보험
한화손해보험,00135917,20130628,사업보고서 (2013.03),20130628000389,한화손해보험
한화손해보험,00135917,20140313,감사보고서제출,20140313800377,한화손해보험
한화손해보험,00135917,20140331,사업보고서 (2013.12),20140331002492,한화손해보험
한화손해보험,00135917,20150312,감사보고서제출,20150312800464,한화손해보험
한화손해보험,00135917,20150331,사업보고서 (2014.12),20150331000798,한화손해보험
한화손해보험,00135917,20160310,감사보고서제출,20160310800242,한화손해보험
한화손해보험,00135917,20160330,사업보고서 (2015.12),20160330003584,한화손해보험
한화손해보험,00135917,20170313,감사보고서제출,20170313800930,한화손해보험
한화손해보험,00135917,20170331,사업보고서 (2016.12),20170331005438,한화손해보험
한화손해보험,00135917,20180315,감사보고서제출,20180315801955,한화손해보험
한화손해보험,00135917,20180402,사업보고서 (2017.12),20180402004183,한화손해보험
한화손해보험,00135917,20190313,감사보고서제출,20190313801310,한화손해보험
한화손해보험,00135917,20190401,사업보고서 (2018.12),20190401001394,한화손해보험
한화손해보험,00135917,20190515,[기재정정]사업보고서 (2018.12),20190515000731,한화손해보험
한화손해보험,00135917,20200311,감사보고서제출,20200311801286,한화손해보험
한화손해보험,00135917,20200330,사업보고서 (2019.12),20200330002783,한화손해보험
한화손해보험,00135917,20210305,감사보고서제출,20210305800580,한화손해보험
한화손해보험,00135917,20210310,사업보고서 (2020.12),20210310000259,한화손해보험
한화손해보험,00135917,20220310,사업보고서 (2021.12),20220310000539,한화손해보험
한화손해보험,00135917,20220310,감사보고서제출,20220310800839,한화손해보험
한화손해보험,00135917,20230314,사업보고서 (2022.12),20230314001218,한화손해보험
한화손해보험,00135917,20230314,감사보고서제출,20230314801932,한화손해보험
한화손해보험,00135917,20240313,사업보고서 (2023.12),20240313000997,한화손해보험
한화손해보험,00135917,20240313,감사보고서제출              ,20240313801293,한화손해보험
한화손해보험,00135917,20240430,[기재정정]사업보고서 (2023.12),20240430000147,한화손해보험
한화손해보험,00135917,20250311,사업보고서 (2024.12),20250311001216,한화손해보험
한화손해보험,00135917,20250311,감사보고서제출              ,20250311801233,한화손해보험
한화손해보험,00135917,20250331,[기재정정]사업보고서 (2024.12),20250331003267,한화손해보험
한화손해보험,00135917,20260310,사업보고서 (2025.12),20260310003000,한화손해보험
한화손해보험,00135917,20260310,감사보고서제출              ,20260310801152,한화손해보험
한화손해보험,00135917,20260316,[기재정정]사업보고서 (2025.12),20260316001467,한화손해보험
한화손해보험,00135917,20260316,[첨부정정]감사보고서제출              ,20260316802197,한화손해보험
한화손해보험,00135917,20260331,[기재정정]사업보고서 (2025.12),20260331000594,한화손해보험
